<?xml version="1.0" encoding="UTF-8"?>
<project name="civilizationcraft" default="all">
  
  
  <property file="civilizationcraft.properties"/>
  <!-- Uncomment the following property if no tests compilation is needed -->
  <!-- 
  <property name="skip.tests" value="true"/>
   -->
  
  <!-- Compiler options -->
  
  <property name="compiler.debug" value="on"/>
  <property name="compiler.generate.no.warnings" value="off"/>
  <property name="compiler.args" value=""/>
  <property name="compiler.max.memory" value="700m"/>
  <patternset id="ignored.files">
    <exclude name="**/*.hprof/**"/>
    <exclude name="**/*.pyc/**"/>
    <exclude name="**/*.pyo/**"/>
    <exclude name="**/*.rbc/**"/>
    <exclude name="**/*.yarb/**"/>
    <exclude name="**/*~/**"/>
    <exclude name="**/.DS_Store/**"/>
    <exclude name="**/.git/**"/>
    <exclude name="**/.hg/**"/>
    <exclude name="**/.svn/**"/>
    <exclude name="**/CVS/**"/>
    <exclude name="**/__pycache__/**"/>
    <exclude name="**/_svn/**"/>
    <exclude name="**/vssver.scc/**"/>
    <exclude name="**/vssver2.scc/**"/>
  </patternset>
  <patternset id="library.patterns">
    <include name="*.war"/>
    <include name="*.swc"/>
    <include name="*.zip"/>
    <include name="*.ear"/>
    <include name="*.egg"/>
    <include name="*.ane"/>
    <include name="*.jar"/>
  </patternset>
  <patternset id="compiler.resources">
    <exclude name="**/?*.java"/>
    <exclude name="**/?*.form"/>
    <exclude name="**/?*.class"/>
    <exclude name="**/?*.groovy"/>
    <exclude name="**/?*.scala"/>
    <exclude name="**/?*.flex"/>
    <exclude name="**/?*.kt"/>
    <exclude name="**/?*.clj"/>
    <exclude name="**/?*.aj"/>
  </patternset>
  
  <!-- JDK definitions -->
  
  <property name="jdk.bin.1.8" value="${jdk.home.1.8}/bin"/>
  <path id="jdk.classpath.1.8">
    <fileset dir="${jdk.home.1.8}">
      <include name="jre/lib/charsets.jar"/>
      <include name="jre/lib/deploy.jar"/>
      <include name="jre/lib/ext/access-bridge-64.jar"/>
      <include name="jre/lib/ext/cldrdata.jar"/>
      <include name="jre/lib/ext/dnsns.jar"/>
      <include name="jre/lib/ext/jaccess.jar"/>
      <include name="jre/lib/ext/jfxrt.jar"/>
      <include name="jre/lib/ext/localedata.jar"/>
      <include name="jre/lib/ext/nashorn.jar"/>
      <include name="jre/lib/ext/sunec.jar"/>
      <include name="jre/lib/ext/sunjce_provider.jar"/>
      <include name="jre/lib/ext/sunmscapi.jar"/>
      <include name="jre/lib/ext/sunpkcs11.jar"/>
      <include name="jre/lib/ext/zipfs.jar"/>
      <include name="jre/lib/javaws.jar"/>
      <include name="jre/lib/jce.jar"/>
      <include name="jre/lib/jfr.jar"/>
      <include name="jre/lib/jfxswt.jar"/>
      <include name="jre/lib/jsse.jar"/>
      <include name="jre/lib/management-agent.jar"/>
      <include name="jre/lib/plugin.jar"/>
      <include name="jre/lib/resources.jar"/>
      <include name="jre/lib/rt.jar"/>
    </fileset>
  </path>
  
  <property name="project.jdk.home" value="${jdk.home.1.8}"/>
  <property name="project.jdk.bin" value="${jdk.bin.1.8}"/>
  <property name="project.jdk.classpath" value="jdk.classpath.1.8"/>
  
  
  <!-- Project Libraries -->
  
  <path id="library.bonecp.classpath">
    <pathelement location="${basedir}/libforws/bonecp.jar"/>
  </path>
  
  <path id="library.custommobs-4.17.classpath">
    <pathelement location="${basedir}/libforws/CustomMobs-4.17.jar"/>
  </path>
  
  <path id="library.dhutils.classpath">
    <pathelement location="${basedir}/libforws/dhutils.jar"/>
  </path>
  
  <path id="library.guava.classpath">
    <pathelement location="${basedir}/libforws/guava.jar"/>
  </path>
  
  <path id="library.hamcrest-core-1.3.classpath">
    <pathelement location="${basedir}/libforws/hamcrest-core-1.3.jar"/>
  </path>
  
  <path id="library.herochat.classpath">
    <pathelement location="${basedir}/libforws/Herochat.jar"/>
  </path>
  
  <path id="library.itag-1.1.0-snapshot.classpath">
    <pathelement location="${basedir}/libforws/iTag-1.1.0-SNAPSHOT.jar"/>
  </path>
  
  <path id="library.json.classpath">
    <pathelement location="${basedir}/libforws/json.jar"/>
  </path>
  
  <path id="library.junit-4.11.classpath">
    <pathelement location="${basedir}/libforws/junit-4.11.jar"/>
  </path>
  
  <path id="library.moblib.classpath">
    <pathelement location="${basedir}/libforws/MobLib.jar"/>
  </path>
  
  <path id="library.mockito-all-1.9.5.classpath">
    <pathelement location="${basedir}/libforws/mockito-all-1.9.5.jar"/>
  </path>
  
  <path id="library.nocheatplus.classpath">
    <pathelement location="${basedir}/libforws/NoCheatPlus.jar"/>
  </path>
  
  <path id="library.slf4j-api.classpath">
    <pathelement location="${basedir}/libforws/slf4j-api.jar"/>
  </path>
  
  <path id="library.slf4j-simple.classpath">
    <pathelement location="${basedir}/libforws/slf4j-simple.jar"/>
  </path>
  
  <path id="library.spigot-1.11.2.classpath">
    <pathelement location="${basedir}/libforws/spigot-1.11.2.jar"/>
  </path>
  
  <path id="library.tagapi.classpath">
    <pathelement location="${basedir}/libforws/TagAPI.jar"/>
  </path>
  
  <path id="library.titleapi-1.7.4.classpath">
    <pathelement location="${basedir}/libforws/TitleAPI-1.7.4.jar"/>
  </path>
  
  <path id="library.vanishnopacket.classpath">
    <pathelement location="${basedir}/libforws/VanishNoPacket.jar"/>
  </path>
  
  <path id="library.vault.classpath">
    <pathelement location="${basedir}/libforws/Vault.jar"/>
  </path>
  
  <path id="library.worldborder.classpath">
    <pathelement location="${basedir}/libforws/WorldBorder.jar"/>
  </path>
  <!-- Register Custom Compiler Taskdefs -->
  <property name="javac2.home" value="${idea.home}/lib"/>
  <path id="javac2.classpath">
    <pathelement location="${javac2.home}/javac2.jar"/>
    <pathelement location="${javac2.home}/jdom.jar"/>
    <pathelement location="${javac2.home}/asm-all.jar"/>
    <pathelement location="${javac2.home}/jgoodies-forms.jar"/>
  </path>
  <target name="register.custom.compilers">
    <taskdef name="javac2" classname="com.intellij.ant.Javac2" classpathref="javac2.classpath"/>
    <taskdef name="instrumentIdeaExtensions" classname="com.intellij.ant.InstrumentIdeaExtensions" classpathref="javac2.classpath"/>
  </target>
  
  <!-- Modules -->
  
  <import file="${basedir}/module_civilizationcraftidea.xml"/>
  
  <target name="init" description="Build initialization">
    <!-- Perform any build initialization in this target -->
  </target>
  
  <target name="clean" depends="clean.module.civilizationcraftidea" description="cleanup all"/>
  
  <target name="build.modules" depends="init, clean, compile.module.civilizationcraftidea" description="build all modules"/>
  
  <target name="all" depends="build.modules" description="build all"/>
</project>